<?xml version="1.0" encoding="UTF-8"?>
<!--
	This build script can be run from outside RAD. It can be used for continous integration.

	Example:
	ant -Dwebsphere.serverhome="C:/Program Files/IBM/SDP70/runtimes/base_v6"
		-buildfile C:/Data/rsa7/bluezone/Bluezone_tools/scripts/test/build.xml 
		ear
	
	This example command line should work for:
	1. Building the EAR (target=ear)
	2. Running service and integration layer JUnit tests (target = test-service, test-integration)

	For these scenarios, the "websphere.serverhome" just needs to contain the JRE libraries.
	
	For running functional tests, the EAR has to be deployed on a WAS server.
	In that case, ensure that "websphere.serverhome" points to the websphere server installation directory.
	
	Note that 'ANT_HOME' should be defined as an environment variable and $ANT_HOME/bin should be in $PATH.
	Ant version should be 1.7.0 or higher.	Selenium (for functional testing) requires Java v1.5 or higher.
	
 -->
<project name="eirs" basedir=".." default="targets" xmlns:ivy="antlib:org.apache.ivy.ant">
	<echo>Build Started</echo>
    <!-- import properties (app settings, classpath, jar file locations) -->
    <import file="test-properties.xml"/>
	
	
	<ivy:configure settingsid="resolve.settings" file="../ivysettings.xml" />


	<echo>resolve dependencies</echo>
	<ivy:resolve resolveid="ivyresolve" settingsRef="resolve.settings" type="jar,bundle" file="../ivy.xml">
	</ivy:resolve>
	<echo>end resolve dependencies</echo>
	
	<!--
 	<taskdef resource="net/sf/antcontrib/antlib.xml" classpath="${antcontrib.jar}" />

	<taskdef name="xmltask" classname="com.oopsconsultancy.xmltask.ant.XmlTask"  classpath="${tools.project.basedir}/third_party/xmlpath-1.15.1/xmltask-v1.15.1.jar"/>

	<propertyregex property="pkg.base.slashes" input="${project.package.base}" regexp="\." replace="/" global="true" />	
	-->

	<target name="init" description="defines custom tasks. Requires Ant 1.6.5.">
		<echo>Build init</echo>
		

		<ivy:cachepath settingsref="resolve.settings" pathid="ant-contrib.path" organisation="ant-contrib" module="ant-contrib" />
		<taskdef resource="net/sf/antcontrib/antlib.xml" classpath="${antcontrib.jar}" />		
		
		<!-- Initialize the time -->
        <tstamp/>
        <tstamp>
            <format property="copyright.year" pattern="yyyy"/>
        	<format property="build.time" pattern="yyyy-MM-dd hh:mm:ss"/>
        </tstamp>

	    <!-- List of variables in .properties files that will be replaced at
	         build time -->
	    <filterset id="variables.to.replace">
	        <filter token="APPNAME" value="${web.project}"/>
            <filter token="APPVERSION" value="${project.version}"/>
            <filter token="COPYRIGHT-YEAR" value="${copyright.year}"/>
	        <filter token="HIBERNATE-DIALECT" value="${hibernate.dialect}"/>
	        <filter token="DB-SCHEMA" value="${database.schema}"/>
	        <filter token="BUILD-TIME" value="${build.time}"/>
	    </filterset>

		<!-- Taskdefs -->
		
		<ivy:cachepath settingsref="resolve.settings" pathid="aspectjtools.path" organisation="org.aspectj" module="aspectjtools" />
		<ivy:cachepath settingsref="resolve.settings" pathid="aspectjrt.path" organisation="aspectj" module="aspectjrt" />
		
		<taskdef resource="org/aspectj/tools/ant/taskdefs/aspectjTaskdefs.properties" classpath="${aspectjtools.jar}"/>		
		
		<!-- Check that junit.jar is in $ANT_HOME/lib or junit task fails -->
		<available classname="junit.framework.TestCase" property="junit.present" />

		<!-- Test for Websphere Server -->
		<fail message="Websphere was not found in: ${websphere.serverhome}. Please set websphere.serverhome={path-to-Websphere} in ${basedir}\build.properties">
			<condition>
				<not>
					<available file="${websphere.serverhome}" type="dir" />
				</not>
			</condition>
		</fail>
	
        <!-- Ensure that Ant 1.6.2+ is being used -->
        <available classname="org.apache.tools.ant.DynamicAttribute" property="ant-1.6.2"/>
        <fail unless="ant-1.6.2" message="This build file requires Ant 1.6.2 for faster unit testing"/>
	

		<!-- Project classpath resolution -->

		<ivy:cachepath settingsref="resolve.settings" pathid="spring.classpath" conf="spring" />

		<ivy:cachepath settingsref="resolve.settings" pathid="integration.classpath" conf="integration" />
		
		<pathconvert property="classpathProp" refid="integration.classpath" />
		<echo>Integration classpath: ${classpathProp}</echo>

		
		<ivy:cachepath settingsref="resolve.settings" pathid="cxf.path" organisation="org.apache.cxf" />
		<path id="remotecontract.classpath">
			<path refid="cxf.path" />
		</path>

		<ivy:cachepath settingsref="resolve.settings" pathid="integration-tests.third_party" conf="spring" />
	
		<path id="web.classpath">
			<path refid="aspectjrt.path" />
			<fileset file="${webapp.target}/WEB-INF/lib/${integration.project}.jar" />
		</path>		
		
	</target>

	
    <!-- Check timestamp on files -->
    <target name="prepare" depends="init" description="create target directories">
    	<echo>Build prepare</echo>
        <echo message="Preparing target directory '${webapp.target}'"/>
        <mkdir dir="${webapp.target}"/>
        <mkdir dir="${webapp.target}/WEB-INF/lib"/>
        <mkdir dir="${webapp.dist}"/>
    	
    </target>

    <!-- Copy any resource or configuration files -->
    <target name="copy-resources" depends="prepare"
        description="Copy .properties and .xml files from source directory">
        <copy todir="${webapp.target}/WEB-INF/classes" includeEmptyDirs="no">
            <fileset dir="${web.java.classes.dir}">
                <include name="*.properties"/>
                <include name="*.xml"/>
            </fileset>
            <filterset refid="variables.to.replace"/>
        </copy>
        <!--<generate-database-properties/>
        <copy todir="${webapp.target}/WEB-INF/classes" file="db-scripts/database.properties"/>
        -->
    </target>

    <!-- =================================================================== -->
    <!-- The "copy-web-files" target copies the static web resources portion -->
    <!-- of your web application source into the build target area           -->
    <!-- =================================================================== -->
    <target name="copy-web-files" depends="prepare" description="Copy static web files to build directory">
        <echo message="Copying static files"/>
    	
        <copy todir="${webapp.target}" includeEmptyDirs="no">
            <fileset dir="${web.project.basedir}/WebContent">
				<include name="**" />
				<!--<include name="META-INF/**"/>
                <include name="WEB-INF/**"/> -->
				<exclude name=".*" />
				<exclude name="**/*.java" />
				<exclude name="**/classes/**" />
				<exclude name="**/.settings/**" />
				<exclude name="**/src/**" />
            </fileset>
        </copy>
   	 	<copy todir="${webapp.target}/WEB-INF/classes" includeEmptyDirs="no">
    	        <fileset dir="${web.project.basedir}/src/main/java">
    	            <include name="**/*.properties"/>
    	            <include name="**/*.xml"/>
    	        </fileset>
        </copy>

    </target>

	<!-- =================================================================== -->
    <!-- The "stage-web" is used to gather all static web recourses in the   -->
    <!-- build directory.                                                    -->
    <!-- =================================================================== -->
    <target name="stage-web" depends="copy-resources,copy-web-files"
        description="Calls other targets to gather static resources"/>
        
    <target name="compile-remotecontract" depends="prepare" if="remotecontract.project.exists" description="Compile the remotecontract project">
        <compile module="remotecontract" src.dir="${remotecontract.src.dir}"/>
		<copy todir="${remotecontract.src.dir}/../../bin">
			<fileset dir="${build.dir}/remotecontract/classes">
				<include name="**" />
			</fileset>
		</copy>
    </target>

    <target name="package-remotecontract" depends="compile-remotecontract" if="remotecontract.project.exists" description="Create remotecontract jar">
        <mkdir dir="${build.dir}/remotecontract/classes/META-INF"/>
        <!-- Copy manifest -->
        <mkdir dir="${build.dir}/remotecontract/gen/META-INF"/>
        <copy overwrite="true" file="${remotecontract.src.resources.dir}/META-INF/MANIFEST.MF" todir="${build.dir}/remotecontract/gen/META-INF"/>
    	
        <jar destfile="${webapp.target}/WEB-INF/lib/${remote.project}.jar" manifest="${build.dir}/remotecontract/gen/META-INF/MANIFEST.MF">
            <fileset dir="${build.dir}/remotecontract/classes" includes="**/*.class"/>
            <metainf dir="${build.dir}/remotecontract/classes/META-INF"/>
        </jar>
    </target>


	<target name="compile-integration" description="Compile the integration project">
    	<echo>compile-integration Begined</echo>
    	<echo>${integration.src.dir}</echo>
        <ajcompile module="integration" src.dir="${integration.src.dir}" />
    	
		<copy todir="${integration.src.dir}/../../bin">
			<fileset dir="${build.dir}/integration/classes">
				<include name="**" />
			</fileset>
		</copy>	
        <copy todir="${build.dir}/integration/classes">
            <fileset dir="${integration.src.resources.dir}" includes="**/*.xml" excludes="**/*-${integration.type}.xml"/>
        </copy>
    </target>

    <target name="compile-integration-tests" depends="compile-integration" description="Compile integration module tests">
	    <!--<compile module="integration-tests" src.dir="${testbase.src.dir}" dest.dir="${tools.project.basedir}/bin"/>	-->
        <!--<compile module="integration-tests" src.dir="${integration.test.dir}" dest.dir="${test.dir}/integration/classes"/>-->
    </target>

    <target name="package-integration" depends="prepare,compile-integration,compile-integration-tests" description="Package integration JAR">
        <!-- Copy XML files from source -->
        <copy todir="${build.dir}/integration/gen">
            <fileset dir="${integration.src.resources.dir}" includes="**/*.xml" excludes="**/*-${integration.type}.xml"/>
            <filterset refid="variables.to.replace"/>
        </copy>
        <!-- Copy manifest -->
        <mkdir dir="${build.dir}/integration/gen/META-INF"/>
        <copy overwrite="true" file="${integration.src.resources.dir}/META-INF/MANIFEST.MF" todir="${build.dir}/integration/gen/META-INF"/>

    	<!--<jar destfile="${dist.dir}/lib/${integration.project}.jar" manifest="${build.dir}/integration/gen/META-INF/MANIFEST.MF">-->
    		<jar destfile="${webapp.target}/WEB-INF/lib/${integration.project}.jar" manifest="${build.dir}/integration/gen/META-INF/MANIFEST.MF">
            <fileset dir="${build.dir}/integration/classes"/>
            <fileset dir="${build.dir}/integration/gen" 
            	includes="**/*.xml" 
                excludes="**/applicationContext-*.xml"/>
        </jar>
    	
    	<!--<copy overwrite="true" file="${webapp.target}/WEB-INF/lib/${integration.project}.jar" todir="${dist.dir}/lib"/>-->
    </target>
   
    <target name="test-integration" depends="copy-resources,package-integration,check-debug" description="Test integration module">
    	<echo>Classpath=${java.class.path}</echo>
    	<property name="integrationClasspath" refid="integration-tests.classpath"/>
    	<echo message="Classpath=${integrationClasspath}"></echo> 
        <test-module module="integration" src.dir="${integration.test.dir}"/>
    </target>


    <target name="compile-web" depends="stage-web" description="Compile web module">
    	<echo>compile-web Begined</echo>
    	<echo>"*******************************************************"</echo>
    	<echo>${webapp.target}/WEB-INF/lib/${integration.project}.jar</echo>
        <ajcompile module="web" src.dir="${web.src.dir}" dest.dir="${webapp.target}/WEB-INF/classes"/>
		<copy todir="${web.project.basedir}/WebContent/WEB-INF/classes">
    	    <fileset dir="${webapp.target}/WEB-INF/classes" includes="**"/>
	    </copy>
    </target>

    <!-- Simple alias to package-web -->
    <target name="war" depends="package-web" description="alias for package-web"/>

    <target name="package-web" depends="compile-web" description="Package WAR">
    	<echo>package-web Started</echo>
        <!-- Turn off simple file serving -->
    	<if>
    		<not>
    			<and>
	    			<isset property="local.deployment"/>
    				<istrue value="${local.deployment}"/>
    			</and>
    		</not>
    		<then>
		    	<replaceregexp flags="g"
		            file="${webapp.target}/WEB-INF/ibm-web-ext.xmi"
		            match='fileServingEnabled="true"'
		            replace='fileServingEnabled="false"'/>
		    	<replaceregexp flags="g"
		            file="${webapp.target}/WEB-INF/ibm-web-bnd.xmi"
		            match='${project.name.lowercase}-transaction01-local"'
		            replace='${project.name.lowercase}-transaction01"'/>
   			</then>
    	</if>
 
    	
		<ivy:retrieve resolveid="ivyresolve" pattern="${webapp.target}/WEB-INF/lib/[artifact]-[revision](-[classifier]).[ext]" conf="*" type="jar,bundle">
			<exclude matcher="regexp" module="[a-zA-Z]*\\-sources.jar" />
			<exclude matcher="regexp" module="[a-zA-Z]*\\-javadoc.jar" />
		</ivy:retrieve>
    	
    	
    	<echo>"${webapp.dist}/${web.packagename}"</echo>
        <war destfile="${webapp.dist}/${web.packagename}" duplicate="preserve"
            webxml="${webapp.target}/WEB-INF/web.xml" compress="true"
        	manifest="${webapp.target}/META-INF/MANIFEST.MF">
            <fileset dir="${webapp.target}" excludes="**/web.xml"/>
        </war>
    	
        <!-- Turn on simple file serving -->
    	<if>
    		<not>
     			<and>
        			<isset property="local.deployment"/>
       				<istrue value="${local.deployment}"/>
       			</and>
       		</not>
    		<then>
		    	<replaceregexp flags="g"
		            file="${webapp.target}/WEB-INF/ibm-web-ext.xmi"
		            match='fileServingEnabled="false"'
		            replace='fileServingEnabled="true"'/>
		    	<replaceregexp flags="g"
		            file="${webapp.target}/WEB-INF/ibm-web-bnd.xmi"
		            match='${project.name.lowercase}-transaction01"'
		            replace='${project.name.lowercase}-transaction01-local"'/>
   			</then>
    	</if>
    	<echo>package-web Ended</echo>    	
    </target>

    <macrodef name="compile">
        <attribute name="module"/>
        <attribute name="src.dir"/>
        <attribute name="additional.src.dirs" default=""/>
    	<attribute name="dest.dir" default="${build.dir}/@{module}/classes"/>
        <element name="options" optional="yes"/>

        <sequential>
            <echo>Compiling @{module}...</echo>
            <mkdir dir="@{dest.dir}"/>
            <!--<mkdir dir="${test.dir}/@{module}/classes"/>-->
            <javac srcdir="@{src.dir}" 
                destdir="@{dest.dir}" debug="${compile.debug}"
                deprecation="${compile.deprecation}" optimize="${compile.optimize}"
                classpathref="@{module}.classpath" compiler="${compile.compiler}"
            	target="${compile.target}" source="${compile.source}">
                <options/>
            </javac>
        </sequential>
    </macrodef>

    <macrodef name="ajcompile">
        <attribute name="module"/>
        <attribute name="src.dir"/>
        <attribute name="additional.src.dirs" default=""/>
    	<attribute name="dest.dir" default="${build.dir}/@{module}/classes"/>
    	<attribute name="aspect.path" default=""/>
        <element name="options" optional="yes"/>

        <sequential>
            <echo>Compiling (iajc) @{module}...</echo>
        	<echo>@{dest.dir}</echo>
            	<echo>@{src.dir}</echo>
            	<echo>@{module}.classpath</echo>
            	<echo>${compile.target}</echo>
        	<echo>${compile.source}</echo>
            		<echo>@{aspect.path}</echo>
            <mkdir dir="@{dest.dir}"/>
            <iajc sourceRoots="@{src.dir}" 
                destDir="@{dest.dir}" debug="${compile.debug}"
                deprecation="${compile.deprecation}" 
                classpathRef="@{module}.classpath" 
            	target="${compile.target}" source="${compile.source}" aspectPath="@{aspect.path}">
                <options/>
            </iajc>
        </sequential>
    </macrodef>
	
    <macrodef name="test-module">
        <attribute name="module"/>
        <attribute name="src.dir"/>
        <attribute name="additional.src.dirs" default=""/>
        <element name="options" optional="yes"/>

        <sequential>
    		<fail unless="junit.present" message="Please add ${junit.jar} to your Ant classpath" />
        	<property name="testing.dir" location="${test.dir}"/>
            <echo level="info">Testing @{module} from ${testing.dir}...</echo>
            <mkdir dir="${testing.dir}/data"/>
            <propertycopy name="testcase" from="@{module}-testcase" silent="true" />
            <!-- Replace tokens in test properties files -->
            <copy todir="${testing.dir}/@{module}/classes">
                <fileset dir="@{src.dir}" excludes="**/*.java"/>
                <filterset refid="variables.to.replace"/>
            </copy>
            <junit printsummary="on" forkmode="once" 
                failureproperty="test.failed" fork="${junit.fork}">
                <classpath>
                    <pathelement path="@{additional.src.dirs}"/>
                	<pathelement path="${build.dir}/common/classes"/>
                	<pathelement path="${build.dir}/integration/classes"/>
                    <pathelement location="${build.dir}/@{module}/classes"/>
                    <pathelement location="${testing.dir}/@{module}/classes"/>
                    <pathelement path="${java.class.path}"/>
                    <path refid="@{module}-tests.classpath"/>
                	<!-- <pathelement path="${webapp.target}"/> -->
                    <!-- <pathelement path="${build.dir}/integration/gen"/> -->
                    <!-- For .properties and .xml files -->
                	<!-- <pathelement path="${build.dir}/web/classes"/> -->
                    <!-- <pathelement path="src/@{module}"/> -->
                </classpath>
                <jvmarg line="${run.test.debugargline}"/>
                <formatter type="xml"/>
                <!-- <formatter type="brief" usefile="false"/> -->
                <batchtest todir="${testing.dir}/data" if="testcase">
                    <fileset dir="${testing.dir}/@{module}/classes">
                        <include name="**/*${testcase}*"/>
                        <exclude name="**/*TestCase.class"/>
                        <exclude name="**/*$*.class" />
                    </fileset>
                </batchtest>

                <batchtest todir="${testing.dir}/data" unless="testcase" >
                    <fileset dir="${testing.dir}/@{module}/classes">
                        <include name="**/@{module}/**/*Test.class"/>
                        <include name="**/@{module}/**/Test*.class"/>
					    <include name="**/@{module}impl/**/*Test.class"/>
					    <include name="**/@{module}impl/**/Test*.class"/>                    	
                        <exclude name="*$*.class" />
                    </fileset>
                </batchtest>
            </junit>
        	
        </sequential>
    </macrodef>

    <target name="test-reports" description="Generate junit test reports">
		<!-- Check that junit.jar is in $ANT_HOME/lib or junit task fails -->
		<!-- This can be fixed with Ant 1.7                               -->
		<available classname="junit.framework.TestCase" property="junit.present" />
		<fail unless="junit.present" message="Please add ${junit.jar} to your Ant classpath" />

    	<mkdir dir="${test.dir}/reports"/>
        <junitreport todir="${test.dir}">
            <fileset dir="${test.dir}/data">
                <include name="TEST-*.xml"/>
            </fileset>
            <report format="frames" todir="${test.dir}/reports"/>
        </junitreport>
    	<property name="friendly.dir" location="${test.dir}/reports" />
        <echo level="info">
        Test reports generated at ${friendly.dir}
        </echo>
    </target>

    <target name="display-junit-results" depends="test-reports"
        description="Runs and displays generated JUnit test reports">
    	<exec dir="${test.dir}/reports" executable="cmd.exe">
    		<arg line='/c index.html'/> 
   		</exec>
    </target>

    <target name="test-contract" description="Perform contract testing using soapUI test cases">
    	<mkdir dir="${test.dir}/data"/>

    	<java classname="com.eviware.soapui.tools.SoapUITestCaseRunner" failonerror="true" 
    		  fork="true" dir="${test.dir}/data">
    		<arg value="-j"/>
    		<arg value="-r"/>
    		<arg value="${tools.project.basedir}/ws-tests/soapui-project.xml"/>
            <classpath>
               <pathelement location="${soapui.dir}/bin/soapui-3.6.jar"/>
                <fileset dir="${soapui.dir}/lib">
                  <include name="*.jar"/>
                </fileset>
            </classpath>
    	</java>
    </target>

	
    <!-- Remove classes directory for clean build -->
    <target name="clean" description="Removes build artifacts">
        <echo level="info">Cleaning build and distribution directories</echo>
        <delete dir="${build.dir}"/>
        <delete dir="${dist.dir}"/>
		<delete dir="${test.dir}" />
        <delete file="database/database.properties"/>
    </target>

	<!-- =================================================================== -->
    <!-- The "ear" target builds the ear file -->
    <!-- =================================================================== -->
    <target name="ear" depends="package-web" description="Build the .ear file">

    	<fail if="test.failed" message="There were tests that failed build which prevent the building of the EAR file."/>

		<!-- remove embedded EAR configuration and other artifacts -->
		<copy todir="${dist.dir}/META-INF">
			<fileset dir="${ear.project.basedir}/META-INF">
		    	<include name="**/*"/>
			</fileset>
		</copy>
    	
		<delete file="${dist.dir}/META-INF/ibmconfig/cells/defaultCell/applications/defaultApp/deployments/defaultApp/resources.xml"/>
		<delete file="${dist.dir}/META-INF/ibmconfig/cells/defaultCell/applications/defaultApp/deployments/defaultApp/variables.xml"/>
		<delete file="${dist.dir}/META-INF/application.xml"/>
    	
    	<ear destfile="${ear.path}" 
    		appxml="${ear.project.basedir}/META-INF/application.xml"
    		basedir="${dist.dir}">
    	</ear>
    	
    </target>
	
	<target name="deploy">
		<ant antfile="websphere/build.xml" target="deploy"/>
	</target>

	<target name="build" depends="ear"/>
	
	<target name="build-test-deploy" depends="clean,test-integration,build,deploy,test-contract">
    	<fail if="test.failed" message="There were tests that failed during the build, test, deploy cycle"/>
	</target>
	
	
    <!-- =================================================================== -->
    <!-- These targets handle the pre and post processing build tasks        -->
    <!-- =================================================================== -->

	<!-- Utilities -->
    <patternset id="java.files.pattern" includes="**/*.java"/>

    <!-- =================================================================== -->
    <!--            Internal targets to enable running in debug mode         -->
    <!-- =================================================================== -->
    <target name="check-debug" depends="with-debug,no-debug" />

    <target name="with-debug" if="test-with-debug">
        <property name="run.test.debugargline" value="-Xdebug -Xnoagent -Xrunjdwp:transport=dt_socket,address=4000,server=y,suspend=y"/>
        <echo>Running in debug mode : Listening on port 4000 ...</echo>
    </target>

    <target name="no-debug" unless="test-with-debug">
       <property name="run.test.debugargline" value=""/>
    </target>

	<target name="targets" description="Commonly Used Ant Targets">
		<echo level="info">
		Commonly used Ant targets are:
		    		
		   ear              Create an EAR outside of RAD
		   test-all         Run all tests except ones that require WAS
		   test-service     Run all service layer tests
		    		
		</echo>
    </target>

	<!-- ========================================================================================================= 
          target: remove-example-app     
          This is the same code as in the remove-example-app macro which is in the new project initializer script
          Warning:  this cannot be undone once it's run         
         ========================================================================================================= -->
    <target name="remove-example-app" depends="" description="Remove example application artifacts">
		<!-- Delete DTO -->
		<delete file="${common.project.basedir}/src/main/java/${pkg.base.slashes}/domaindto/Account.java"/>
		<delete file="${common.project.basedir}/src/main/java/${pkg.base.slashes}/domaindto/AccountSearchCriteria.java"/>
		<delete file="${common.project.basedir}/src/main/java/${pkg.base.slashes}/domaindto/Member.java"/>
		<delete file="${common.project.basedir}/src/main/java/${pkg.base.slashes}/domaindto/Claim.java"/>
	
		<!-- Delete DAO -->
		<delete file="${integration.project.basedir}/src/main/java/${pkg.base.slashes}/integration/dao/AccountDao.java"/>
		<delete file="${integration.project.basedir}/src/main/java/${pkg.base.slashes}/integration/dao/ClaimsDao.java"/>
		<delete file="${integration.project.basedir}/src/main/java/${pkg.base.slashes}/integration/dao/MemberDao.java"/>
		<delete file="${integration.project.basedir}/src/main/java/${pkg.base.slashes}/integration/daoimpl/hibernate/AccountDaoHibernateImpl.java"/>
		<delete file="${integration.project.basedir}/src/main/java/${pkg.base.slashes}/integration/daoimpl/hibernate/account.hbm.xml"/>
		<delete file="${integration.project.basedir}/src/main/java/${pkg.base.slashes}/integration/daoimpl/hibernate/MemberDaoHibernateImpl.java"/>
		<delete file="${integration.project.basedir}/src/main/java/${pkg.base.slashes}/integration/daoimpl/hibernate/member.hbm.xml"/>
		<delete file="${integration.project.basedir}/src/main/java/${pkg.base.slashes}/integration/daoimpl/jdbc/AccountDaoJdbcImpl.java"/>
		<delete file="${integration.project.basedir}/src/main/java/${pkg.base.slashes}/integration/daoimpl/mock/AccountDaoMockImpl.java"/>
		<delete file="${integration.project.basedir}/src/main/java/${pkg.base.slashes}/integration/daoimpl/jdbc/MemberDaoJdbcImpl.java"/>
		<delete file="${integration.project.basedir}/src/main/java/${pkg.base.slashes}/integration/daoimpl/mock/MemberDaoMockImpl.java"/>
		<delete file="${integration.project.basedir}/src/main/java/${pkg.base.slashes}/integration/daoimpl/mock/ClaimsDaoMockImpl.java"/>
		<delete file="${integration.project.basedir}/src/main/java/${pkg.base.slashes}/integration/daoimpl/remote/ClaimsAssembler.java"/>
		<delete file="${integration.project.basedir}/src/main/java/${pkg.base.slashes}/integration/daoimpl/remote/ClaimsDaoRemoteImpl.java"/>
	
		<!-- Delete Service -->
		<delete file="${service.project.basedir}/src/main/java/${pkg.base.slashes}/service/AccountService.java"/>
		<delete file="${service.project.basedir}/src/main/java/${pkg.base.slashes}/service/ClaimsService.java"/>
		<delete file="${service.project.basedir}/src/main/java/${pkg.base.slashes}/service/MemberService.java"/>
		<delete file="${service.project.basedir}/src/main/java/${pkg.base.slashes}/service/ValidationService.java"/>
		<delete file="${service.project.basedir}/src/main/java/${pkg.base.slashes}/serviceimpl/AccountServiceImpl.java"/>
		<delete file="${service.project.basedir}/src/main/java/${pkg.base.slashes}/serviceimpl/ClaimsServiceImpl.java"/>
		<delete file="${service.project.basedir}/src/main/java/${pkg.base.slashes}/serviceimpl/MemberServiceImpl.java"/>
		<delete file="${service.project.basedir}/src/main/java/${pkg.base.slashes}/serviceimpl/ValidationServiceImpl.java"/>
	
		<!-- Delete Web Services -->
		<delete file="${web.project.basedir}/WebContent/WEB-INF/lib/springclaims-client.jar" />
		<delete file="${web.project.basedir}/WebContent/WEB-INF/wsdl/AccountMaintenanceService_schema1.xsd" />
		<delete file="${web.project.basedir}/WebContent/WEB-INF/wsdl/AccountMaintenanceService_schema2.xsd" />
		<delete file="${web.project.basedir}/WebContent/WEB-INF/wsdl/AccountMaintenanceService.wsdl" />
		<delete file="${web.project.basedir}/src/main/java/${pkg.base.slashes}/facade/jaxws/AccountMaintenanceImpl.java"/>
		<delete file="${web.project.basedir}/src/main/java/${pkg.base.slashes}/facade/assembler/AccountAssembler.java"/>
		<delete file="${web.project.basedir}/src/main/java/${pkg.base.slashes}/facade/assembler/ValidationResultAssembler.java"/>
    	<delete>
    		<fileset dir="${remotecontract.project.basedir}/src/model/java/com/hcsc/ba/qm/contractmodel/example">
    			<include name="**/*"/>
    		</fileset>
    	</delete>
    	<delete>
    		<fileset dir="${remotecontract.project.basedir}/src/main/java/com/hcsc/ba/qm/contract/example">
    			<include name="**/*"/>
    		</fileset>
    	</delete>


    	<!-- Delete tests -->
		<delete file="${tools.project.basedir}/src/test/${pkg.base.slashes}/integration/daoimpl/TestAccountDao.java"/>
		<delete file="${tools.project.basedir}/src/test/${pkg.base.slashes}/integration/daoimpl/TestMemberDao.java"/>
		<delete file="${tools.project.basedir}/src/test/${pkg.base.slashes}/integration/daoimpl/remote/TestClaimsAssembler.java"/>
		<delete file="${tools.project.basedir}/src/test/${pkg.base.slashes}/integration/daoimpl/remote/TestClaimsDao.java"/>
		<delete file="${tools.project.basedir}/src/test/${pkg.base.slashes}/integration/daoimpl/remote/TestClaimsDaoRemoteImpl.java"/>
	
		<delete file="${tools.project.basedir}/src/test/${pkg.base.slashes}/serviceimpl/TestAccountService.java"/>
		<delete file="${tools.project.basedir}/src/test/${pkg.base.slashes}/serviceimpl/TestClaimsService.java"/>
		<delete file="${tools.project.basedir}/src/test/${pkg.base.slashes}/serviceimpl/dbunit-all-accounts.xml"/>
		
		<!-- Remove references to example in DAO configuration for Hibernate -->
		<xmltask todir="${service.project.basedir}/src/main/resources/default">
			<fileset dir="${service.project.basedir}/src/main/resources/default">
				<include name="applicationContext-security-ldap.xml" />
			</fileset>
			<remove path="/:beans/security:authentication-manager/security:authentication-provider[@ref='samlAssertionAuthenticationProvider']" />
		</xmltask> 	
		<xmltask todir="${service.project.basedir}/src/main/resources">
			<fileset dir="${service.project.basedir}/src/main/resources">
				<include name="applicationContext-remoteService.xml" />
			</fileset>
			<remove path="/:beans/jaxws:client[@id='claimInquiryService']" />
		</xmltask> 	
		<xmltask todir="${web.project.basedir}/WebContent/WEB-INF/config">
			<fileset dir="${web.project.basedir}/WebContent/WEB-INF/config">
				<include name="applicationContext-webService.xml" />
			</fileset>
			<remove path="/:beans/jaxws:endpoint[@id='accountMaintenanceWs']" />
		</xmltask> 	
		<echo message="NOTE: You must refresh, clean and build your projects again."/>
    	
    </target>
</project>
